,Produto,Mes,Vendas,Ano,Variação Percentual
0,celular,1,150,2023,
1,celular,2,180,2023,0.19999999999999996
2,celular,3,200,2023,0.11111111111111116
3,Tablet,1,100,2023,
4,Tablet,2,120,2023,0.19999999999999996
5,Tablet,3,130,2023,0.08333333333333326
6,Notebook,1,80,2023,
7,Notebook,2,90,2023,0.125
8,Notebook,3,100,2023,0.11111111111111116
